Pos,fpl_id,Name,BV,SV,Team,10_xMins,11_xMins,12_xMins,13_xMins,14_xMins,15_xMins,16_xMins,17_xMins,18_xMins,19_xMins,20_xMins,21_xMins,Elite%
F,1,Balogun,4.4,4.4,Arsenal,0,0,0,0,0,0,0,0,0,0,0,0,0.0
D,2,Cédric,3.9,3.9,Arsenal,0,2,2,2,2,3,3,3,3,4,3,3,0.0
M,3,M.Elneny,4.4,4.4,Arsenal,0,1,1,2,2,3,3,3,4,3,4,3,0.0
M,4,Fábio Vieira,5.4,5.4,Arsenal,14,16,18,19,20,21,22,21,20,22,22,23,0.0
D,5,Gabriel,4.7,4.7,Arsenal,84,81,80,79,77,77,76,75,74,77,74,73,0.2
M,6,Havertz,7.1,7.1,Arsenal,25,30,32,34,35,34,35,39,36,38,37,37,0.0
D,7,Holding,4.4,4.4,Crystal Palace,3,5,7,8,11,8,11,11,11,11,11,10,0.0
F,8,G.Jesus,7.9,7.9,Arsenal,80,79,78,76,75,73,74,72,73,70,69,73,0.0
M,9,Jorginho,5.3,5.3,Arsenal,23,25,27,27,29,31,29,30,31,32,31,30,0.0
D,10,Kiwior,4.3,4.3,Arsenal,9,15,17,18,21,22,24,23,24,24,27,24,0.0
M,11,Marquinhos,4.5,4.5,Arsenal,0,0,0,0,0,0,0,0,0,0,0,0,0.0
M,12,Martinelli,7.7,7.7,Arsenal,77,73,70,69,69,70,66,68,65,65,67,66,0.0
F,13,Nketiah,5.5,5.5,Arsenal,16,17,19,20,20,21,20,20,19,21,20,20,0.0
M,14,Ødegaard,8.5,8.5,Arsenal,86,85,83,83,80,80,80,80,81,80,82,81,0.01
M,15,Thomas,4.8,4.8,Arsenal,55,53,54,53,53,53,54,53,53,53,55,54,0.0
M,16,Pepe,4.9,4.9,Arsenal,0,0,0,0,0,0,0,0,0,0,0,0,0.0
G,17,Ramsdale,4.8,4.8,Arsenal,6,8,11,92,10,11,15,15,16,15,14,13,0.0
G,18,Rúnarsson,4.0,4.0,Arsenal,0,0,0,0,0,0,0,0,0,0,0,0,0.0
M,19,Saka,8.5,8.5,Arsenal,86,84,81,79,79,78,78,76,77,78,77,76,0.17
D,20,Saliba,5.2,5.1,Arsenal,90,87,86,84,83,81,80,82,81,80,79,81,0.11
M,21,Sambi,4.9,4.9,Luton,0,0,0,10,33,0,50,55,56,57,57,55,0.0
M,22,Smith Rowe,5.3,5.3,Arsenal,2,4,5,7,8,9,9,11,11,10,11,10,0.0
D,23,Tavares,4.0,4.0,Nott'm Forest,6,24,30,28,29,25,27,25,25,26,26,23,0.0
D,24,Tierney,4.4,4.4,Arsenal,0,0,0,0,0,0,0,0,0,0,0,0,0.0
D,25,Tomiyasu,4.5,4.5,Arsenal,36,42,43,47,47,48,49,47,50,47,48,49,0.0
M,26,Trossard,6.5,6.5,Arsenal,20,23,25,27,27,27,29,28,29,30,30,30,0.0
D,27,Trusty,3.9,3.9,Sheffield Utd,92,87,85,84,84,83,83,82,81,79,77,76,0.0
G,28,Turner,4.1,4.0,Nott'm Forest,63,48,48,49,49,47,48,47,48,45,48,46,0.8
D,29,White,5.6,5.6,Arsenal,84,80,79,77,75,73,73,74,73,70,71,74,0.0
M,30,Xhaka,6.0,6.0,Arsenal,0,0,0,0,0,0,0,0,0,0,0,0,0.0
D,31,Zinchenko,4.9,4.9,Arsenal,71,65,66,64,63,64,63,62,61,62,59,62,0.06
D,32,Alex Moreno,5.0,5.0,Aston Villa,0,0,0,0,0,0,0,0,0,0,0,0,0.0
F,33,Archer,4.5,4.5,Sheffield Utd,76,73,71,71,68,66,68,66,66,64,64,65,0.67
M,34,Bailey,5.5,5.5,Aston Villa,49,48,48,51,50,46,49,45,44,44,44,45,0.0
M,35,Buendia,5.7,5.7,Aston Villa,0,0,0,0,0,0,0,0,0,0,0,0,0.0
D,36,Cash,5.1,5.1,Aston Villa,85,81,80,78,76,75,74,73,72,72,71,76,0.74
D,37,Chambers,3.9,3.9,Aston Villa,6,12,13,14,17,15,16,17,17,16,17,15,0.0
M,38,Coutinho,5.8,5.8,Aston Villa,0,0,0,0,0,0,0,0,0,0,0,0,0.0
F,39,Davis,4.9,4.9,Aston Villa,0,0,0,0,0,0,0,0,0,0,0,0,0.0
M,40,Dendoncker,4.9,4.9,Aston Villa,13,21,24,25,24,24,21,24,24,22,22,21,0.0
D,41,Diego Carlos,4.4,4.4,Aston Villa,40,45,45,46,47,47,46,48,49,49,48,47,0.0
D,42,Digne,4.7,4.7,Aston Villa,86,72,70,74,71,74,74,74,73,75,76,77,0.01
M,43,Douglas Luiz,5.5,5.5,Aston Villa,79,67,64,67,67,69,70,70,69,71,72,73,0.0
F,44,Duran,5.0,5.0,Aston Villa,10,12,14,15,16,15,15,15,15,13,15,15,0.0
D,45,Hause,4.0,4.0,Aston Villa,0,0,2,2,2,3,2,3,3,3,3,2,0.0
M,46,Iroegbunam,4.4,4.4,Aston Villa,0,1,3,4,4,4,3,3,4,3,3,3,0.0
M,47,Kamara,5.0,5.0,Aston Villa,77,76,73,71,70,70,69,68,67,68,68,69,0.0
D,48,Konsa,4.5,4.5,Aston Villa,76,78,77,75,75,73,75,74,75,75,74,72,0.0
G,49,Martinez,4.9,4.9,Aston Villa,93,93,93,91,91,91,89,90,90,89,89,91,0.0
M,50,McGinn,5.5,5.5,Aston Villa,79,79,76,79,77,73,72,72,73,72,70,75,0.0
D,51,Mings,4.2,4.2,Aston Villa,0,0,0,0,0,0,0,0,0,0,0,0,0.0
M,52,Nakamba,4.4,4.4,Luton,90,87,80,75,73,75,74,74,74,77,74,78,0.02
G,53,Olsen,4.0,4.0,Aston Villa,2,2,2,4,4,5,6,5,5,6,6,4,0.0
M,54,Philogene,4.5,4.5,Aston Villa,0,0,0,0,0,0,0,0,0,0,0,0,0.0
M,55,J.Ramsey,5.9,5.9,Aston Villa,0,0,0,0,11,18,29,49,52,51,51,54,0.0
M,56,Sanson,4.5,4.5,Aston Villa,0,0,0,0,0,0,0,0,0,0,0,0,0.0
G,57,Sinisalo,4.0,4.0,Aston Villa,0,0,0,0,0,0,0,0,0,0,0,0,0.0
M,58,Tielemans,5.7,5.7,Aston Villa,27,31,33,38,36,36,33,32,33,32,31,33,0.0
M,59,Bertrand Traoré,5.0,5.0,Aston Villa,17,17,20,22,21,20,19,17,16,15,17,18,0.0
F,60,Watkins,8.3,8.3,Aston Villa,89,88,85,85,84,83,83,83,82,83,81,82,0.4
F,61,Wesley,5.0,5.0,Aston Villa,0,0,0,0,0,0,0,0,0,0,0,0,0.0
M,62,Anthony,4.9,4.9,Bournemouth,0,0,0,0,0,0,0,0,0,0,0,0,0.0
M,63,Billing,5.2,5.2,Bournemouth,82,80,76,75,74,74,75,73,72,72,71,71,0.0
M,64,Brooks,4.9,4.9,Bournemouth,24,26,27,27,29,28,29,29,29,29,29,30,0.0
M,65,Christie,5.0,5.0,Bournemouth,72,70,63,62,61,61,61,61,60,60,60,61,0.0
M,66,L.Cook,5.0,5.0,Bournemouth,0,0,67,66,66,63,63,63,62,64,62,63,0.0
M,67,Siriki,4.5,4.5,Bournemouth,0,0,0,0,0,0,0,0,0,0,0,0,0.0
D,68,Fredericks,4.4,4.4,Bournemouth,11,10,12,14,14,15,14,16,16,15,14,16,0.0
D,69,Hill,4.0,4.0,Bournemouth,0,0,0,0,0,0,0,0,0,0,0,0,0.0
D,70,Kelly,4.5,4.5,Bournemouth,88,85,83,80,79,79,78,78,76,77,75,78,0.0
M,71,Kilkenny,4.4,4.4,Bournemouth,11,14,3,4,4,5,6,5,5,6,5,6,0.0
M,72,Kluivert,4.7,4.7,Bournemouth,30,33,31,32,32,32,32,34,34,34,33,32,0.0
M,73,Lowe,4.9,4.9,Bournemouth,0,0,0,0,0,0,0,0,0,0,0,0,0.0
M,74,Marcondes,4.4,4.4,Bournemouth,0,0,0,0,0,0,0,0,0,0,0,0,0.0
D,75,Mepham,4.3,4.3,Bournemouth,8,9,14,15,14,18,17,18,20,23,19,18,0.0
F,76,Moore,4.7,4.7,Bournemouth,2,3,5,4,5,6,6,7,5,8,7,7,0.0
G,77,Neto,4.5,4.5,Bournemouth,94,93,91,89,88,87,86,85,88,87,89,93,0.0
M,78,O.Dango,4.8,4.8,Bournemouth,23,26,26,27,27,27,27,26,27,27,27,29,0.0
M,79,Pearson,4.5,4.5,Bournemouth,0,0,0,0,0,0,0,0,0,0,0,0,0.0
G,80,Randolph,4.0,4.0,Bournemouth,0,0,2,4,4,4,5,4,3,4,3,1,0.0
M,81,Rothwell,4.9,4.9,Bournemouth,70,65,26,27,29,29,29,30,30,30,32,29,0.0
F,82,Semenyo,4.5,4.5,Bournemouth,9,15,16,17,18,18,21,20,22,21,23,21,0.0
D,83,Senesi,4.4,4.4,Bournemouth,24,30,34,36,36,39,38,37,41,39,39,39,0.0
D,84,Smith,4.4,4.4,Bournemouth,24,27,25,26,29,28,30,30,30,32,32,30,0.0
F,85,Solanke,6.4,6.4,Bournemouth,88,83,81,82,80,79,79,75,77,75,75,75,0.06
M,86,Tavernier,5.4,5.4,Bournemouth,62,58,57,56,55,56,54,55,56,56,55,54,0.0
M,87,Hamed Traorè,4.8,4.8,Bournemouth,9,12,10,12,13,13,13,15,13,14,16,14,0.0
G,88,Travers,4.0,4.0,Bournemouth,0,0,0,0,0,0,0,0,0,0,0,0,0.0
D,89,Zabarnyi,4.5,4.5,Bournemouth,90,86,83,82,79,79,79,77,77,74,77,80,0.0
D,90,Ajer,4.5,4.5,Brentford,56,51,49,52,49,49,48,47,0,48,46,47,0.0
G,91,Balcombe,4.0,4.0,Brentford,0,0,0,0,0,0,0,0,0,0,0,0,0.0
M,92,Baptiste,4.3,4.3,Brentford,0,0,0,0,8,14,19,26,0,28,30,27,0.0
D,93,Bech,4.0,4.0,Brentford,0,0,0,0,0,0,0,0,0,0,0,0,0.0
M,94,Bidstrup,4.5,4.5,Brentford,0,0,0,0,0,0,0,0,0,0,0,0,0.0
M,95,Canós,5.0,5.0,Brentford,0,0,0,0,0,0,0,0,0,0,0,0,0.0
D,96,Collins,4.5,4.5,Brentford,66,56,56,56,57,58,57,57,0,56,57,58,0.0
G,97,Cox,4.0,4.0,Brentford,0,0,0,0,0,0,0,0,0,0,0,0,0.0
M,98,Damsgaard,4.9,4.9,Brentford,0,0,0,11,30,38,50,55,0,53,54,54,0.0
M,99,Dasilva,4.7,4.7,Brentford,0,0,0,0,9,15,21,33,0,35,35,33,0.0
F,100,Dervişoğlu,4.5,4.5,Brentford,0,0,0,0,0,0,0,0,0,0,0,0,0.0
G,101,Flekken,4.5,4.5,Brentford,94,93,91,91,90,91,90,90,0,91,90,91,0.1
D,102,Goode,3.9,3.9,Brentford,1,2,3,4,3,3,4,3,0,4,4,4,0.0
D,103,Henry,4.4,4.4,Brentford,0,0,0,0,0,0,0,0,0,0,0,0,0.0
D,104,Hickey,4.5,4.5,Brentford,86,82,81,80,78,79,78,78,0,77,76,76,0.0
M,105,Janelt,5.4,5.4,Brentford,75,72,71,70,68,66,62,63,0,63,61,64,0.0
M,106,Jensen,5.5,5.5,Brentford,73,71,69,68,66,65,61,62,0,61,61,62,0.0
M,107,Lewis-Potter,4.8,4.8,Brentford,0,0,0,0,0,0,0,0,0,0,0,0,0.0
M,108,Mbeumo,6.7,6.6,Brentford,90,88,84,85,80,81,80,80,0,81,81,79,0.64
D,109,Mee,4.8,4.8,Brentford,58,80,80,78,78,77,77,78,0,75,75,75,0.0
M,110,Nørgaard,5.5,5.5,Brentford,87,85,83,81,77,74,72,71,0,70,71,73,0.0
M,111,Onyeka,4.9,4.9,Brentford,43,45,45,43,39,36,34,29,0,31,31,28,0.0
D,112,Pinnock,4.5,4.5,Brentford,83,76,76,75,74,71,74,74,0,74,73,71,0.0
G,113,Raya,4.8,4.8,Arsenal,89,87,84,0,85,84,80,80,79,80,80,82,0.03
D,114,Roerslev,4.4,4.4,Brentford,41,42,44,41,42,40,40,40,0,41,39,41,0.0
M,115,Schade,5.3,5.3,Brentford,0,0,0,0,0,0,0,0,0,0,0,0,0.0
G,116,Strakosha,3.9,3.9,Brentford,1,2,4,4,4,4,5,5,0,4,5,4,0.04
F,117,Toney,7.9,7.9,Brentford,0,0,0,0,0,0,0,0,0,0,0,0,0.0
M,118,Trevitt,4.5,4.5,Brentford,0,0,0,0,0,0,0,0,0,0,0,0,0.0
F,119,Wissa,5.9,5.9,Brentford,73,73,71,71,72,72,71,70,0,69,70,70,0.0
M,120,Yarmolyuk,4.4,4.4,Brentford,8,11,14,13,11,8,8,6,0,6,7,6,0.0
D,121,Zanka,4.4,4.4,Brentford,7,6,8,10,10,11,9,7,0,10,9,9,0.0
M,122,Adingra,5.0,5.0,Brighton,47,44,35,35,36,34,36,36,35,36,36,32,0.0
M,123,Alzate,4.4,4.4,Brighton,0,0,0,0,0,0,0,0,0,0,0,0,0.0
M,124,Ayari,4.5,4.5,Brighton,0,0,0,0,0,0,0,0,0,0,0,0,0.0
M,125,Buonanotte,4.8,4.8,Brighton,9,11,10,10,11,12,11,12,12,12,12,10,0.0
M,126,Caicedo,4.7,4.7,Chelsea,82,80,78,77,77,76,74,73,72,71,70,72,0.0
F,127,Connolly,4.5,4.5,Brighton,0,0,0,0,0,0,0,0,0,0,0,0,0.0
M,128,Dahoud,4.8,4.8,Brighton,19,21,22,21,22,22,23,24,24,24,23,24,0.0
D,129,Dunk,5.0,5.0,Brighton,91,88,89,87,85,84,83,83,84,83,82,84,0.0
M,130,Enciso,5.1,5.1,Brighton,0,0,0,0,0,0,0,0,0,0,3,25,0.0
D,131,Estupiñan,5.0,5.0,Brighton,0,14,45,80,77,77,76,77,75,76,74,76,0.07
F,132,Ferguson,6.0,6.0,Brighton,62,57,54,53,54,53,55,53,51,52,53,50,0.0
M,133,Gilmour,4.9,4.9,Brighton,45,48,44,45,46,47,43,44,46,42,45,43,0.0
M,134,Gross,6.3,6.3,Brighton,84,81,81,81,80,78,79,75,76,76,75,75,0.0
F,135,João Pedro,5.3,5.3,Brighton,52,51,47,50,47,49,48,47,48,46,46,43,0.02
D,136,Karbownik,4.0,4.0,Brighton,0,0,0,0,0,0,0,0,0,0,0,0,0.0
M,137,Kozłowski,4.5,4.5,Brighton,0,0,0,0,0,0,0,0,0,0,0,0,0.0
M,138,Lallana,4.9,4.9,Brighton,25,25,26,24,24,26,27,27,26,27,27,23,0.0
D,139,Lamptey,4.0,4.0,Brighton,0,0,0,0,0,0,0,0,0,0,0,0,0.08
M,140,March,6.3,6.3,Brighton,28,48,69,64,63,63,62,63,62,63,63,62,0.0
G,141,McGill,3.9,3.9,Brighton,0,0,0,0,0,0,0,0,0,0,0,0,0.0
M,142,Milner,4.8,4.8,Brighton,44,43,41,38,38,36,38,38,37,37,37,39,0.0
M,143,Mitoma,6.5,6.5,Brighton,81,77,73,69,70,70,68,65,67,68,65,67,0.02
M,144,Moder,4.4,4.4,Brighton,0,1,3,2,3,3,4,4,5,4,4,4,0.0
G,145,Sanchez,4.6,4.6,Chelsea,94,93,92,92,91,90,89,90,90,90,92,91,0.01
M,146,Sarmiento,4.5,4.5,Brighton,0,0,0,0,0,0,0,0,0,0,0,0,0.0
G,147,Scherpen,4.0,4.0,Brighton,0,0,0,0,0,0,0,0,0,0,0,0,0.0
G,148,Steele,4.3,4.3,Brighton,48,50,45,47,46,47,47,48,46,47,49,50,0.0
F,149,Undav,5.5,5.5,Brighton,0,0,0,0,0,0,0,0,0,0,0,0,0.0
D,150,Van Hecke,4.0,4.0,Brighton,48,45,38,38,37,37,38,39,38,40,40,38,0.0
D,151,Veltman,4.4,4.4,Brighton,47,48,47,44,45,44,45,43,46,44,45,42,0.0
G,152,Verbruggen,4.4,4.4,Brighton,47,45,50,48,49,48,48,47,48,48,46,45,0.0
D,153,Webster,4.3,4.3,Brighton,45,43,38,35,36,37,39,38,37,39,38,36,0.0
F,154,Welbeck,5.8,5.8,Brighton,37,45,43,41,42,42,40,42,43,42,44,41,0.0
F,155,Zeqiri,4.4,4.4,Brighton,0,0,0,0,0,0,0,0,0,0,0,0,0.0
M,156,Agyei,4.4,4.4,Burnley,0,0,0,0,0,0,0,0,0,0,0,0,0.0
D,157,Al-Dakhil,4.0,4.0,Burnley,80,69,64,60,60,61,60,58,60,58,58,57,0.0
M,158,Bastien,4.9,4.9,Burnley,0,0,0,0,0,0,0,0,0,0,0,0,0.0
M,159,Benson,5.2,5.2,Burnley,10,19,21,21,19,20,20,22,21,21,22,22,0.0
D,160,Beyer,4.0,4.0,Burnley,7,34,61,79,75,74,73,72,72,73,73,77,0.07
M,161,Brownhill,4.8,4.8,Burnley,48,53,53,49,50,50,50,50,49,49,52,50,0.0
M,162,Churlinov,4.4,4.4,Burnley,0,0,0,2,2,2,3,2,4,2,4,3,0.0
M,163,Cork,4.8,4.8,Burnley,9,13,14,13,14,13,14,14,16,15,14,14,0.0
M,164,Costelloe,4.5,4.5,Burnley,0,0,0,0,0,0,0,0,0,0,0,0,0.0
M,165,Cullen,5.0,5.0,Burnley,86,65,68,71,74,74,72,74,73,74,76,75,0.0
D,166,Egan-Riley,3.9,3.9,Burnley,3,0,0,0,2,1,1,2,1,2,0,1,0.0
D,167,Ekdal,3.9,3.9,Burnley,15,12,9,8,10,11,12,15,13,12,14,14,0.0
F,168,Foster,5.0,5.0,Burnley,72,72,72,70,67,66,65,64,63,64,63,65,0.0
G,169,Franchi,3.9,3.9,Burnley,0,0,0,0,0,0,0,0,0,0,0,0,0.0
M,170,Gudmundsson,4.8,4.8,Burnley,9,13,17,17,17,17,17,16,18,17,16,18,0.0
D,171,McNally,4.0,4.0,Burnley,0,0,0,0,0,0,0,0,0,0,0,0,0.0
G,172,Muric,4.3,4.3,Burnley,1,2,3,3,4,6,6,5,6,6,6,7,0.0
D,173,O'Shea,4.4,4.4,Burnley,58,46,35,30,31,32,34,35,34,35,36,34,0.0
F,174,Obafemi,4.9,4.9,Burnley,0,0,0,0,2,2,4,7,8,6,8,6,0.0
G,175,Peacock-Farrell,4.0,4.0,Burnley,0,0,0,0,0,0,0,0,0,0,0,0,0.0
D,176,Roberts,4.4,4.4,Burnley,0,76,70,70,68,67,66,67,65,64,67,68,0.0
F,177,Rodriguez,5.3,5.3,Burnley,3,4,4,4,5,5,4,5,7,6,7,5,0.0
D,178,Taylor,3.9,3.9,Burnley,90,87,84,81,79,80,77,74,76,75,76,76,0.25
D,179,Thomas,4.0,4.0,Burnley,0,0,0,0,0,0,0,0,0,0,0,0,0.0
M,180,Twine,4.9,4.9,Burnley,0,0,0,0,0,0,0,0,0,0,0,0,0.0
G,181,Vigouroux,4.0,4.0,Burnley,0,0,0,0,0,0,0,0,0,0,0,0,0.0
D,182,Vitinho,4.4,4.4,Burnley,76,26,28,30,29,31,33,32,33,37,32,30,0.0
F,183,Weghorst,5.5,5.5,Burnley,0,0,0,0,0,0,0,0,0,0,0,0,0.0
M,184,Zaroury,4.8,4.8,Burnley,5,5,7,7,7,8,7,8,10,9,8,10,0.0
D,185,Ampadu,4.0,4.0,Chelsea,0,0,0,0,0,0,0,0,0,0,0,0,0.0
M,186,Andrey,4.4,4.4,Nott'm Forest,4,2,2,3,2,2,2,3,3,3,2,2,0.0
G,187,Arrizabalaga,5.0,5.0,Chelsea,0,0,0,0,0,0,0,0,0,0,0,0,0.0
F,188,Aubameyang,6.5,6.5,Chelsea,0,0,0,0,0,0,0,0,0,0,0,0,0.0
D,189,Azpilicueta,4.5,4.5,Chelsea,0,0,0,0,0,0,0,0,0,0,0,0,0.0
D,190,Baba,4.0,4.0,Chelsea,0,0,0,0,0,0,0,0,0,0,0,0,0.0
D,191,B.Badiashile,4.4,4.4,Chelsea,40,40,40,41,41,41,40,37,40,40,36,40,0.0
G,192,Bettinelli,4.0,4.0,Chelsea,0,0,0,0,0,0,0,0,0,0,0,0,0.0
F,193,Broja,4.9,4.9,Chelsea,0,0,0,0,0,0,0,0,0,0,0,0,0.0
D,194,Chalobah,4.3,4.3,Chelsea,0,0,0,0,0,0,0,0,0,0,0,0,0.0
D,195,Chilwell,5.4,5.4,Chelsea,0,0,0,0,15,25,31,48,48,46,47,50,0.01
M,196,Chukwuemeka,4.3,4.3,Chelsea,0,0,0,0,0,0,0,0,0,0,0,0,0.06
D,197,Colwill,4.6,4.6,Chelsea,85,81,78,77,75,74,73,70,71,69,69,69,0.06
D,198,Cucurella,4.8,4.8,Chelsea,32,39,38,38,34,32,31,24,26,24,25,24,0.0
M,199,Enzo,4.9,4.9,Chelsea,88,86,79,76,74,74,72,74,74,72,75,81,0.01
F,200,D.D.Fofana,5.0,5.0,Chelsea,0,0,0,0,0,0,0,0,0,0,0,0,0.0
D,201,W.Fofana,4.4,4.4,Chelsea,0,0,0,0,0,0,0,0,0,0,0,0,0.0
M,202,Gallagher,5.4,5.4,Chelsea,68,66,65,63,63,63,63,62,61,58,59,56,0.0
D,203,Gusto,4.2,4.2,Chelsea,42,32,35,33,34,34,35,36,35,37,35,36,0.03
D,204,Hall,4.4,4.4,Newcastle,8,10,10,0,10,10,11,13,12,12,13,10,0.0
M,205,Hudson-Odoi,4.9,4.9,Nott'm Forest,0,0,0,0,9,14,21,36,42,42,40,39,0.0
D,206,James,5.3,5.3,Chelsea,57,65,62,63,61,60,60,57,58,56,57,57,0.0
F,207,Lukaku,6.8,6.8,Chelsea,0,0,0,0,0,0,0,0,0,0,0,0,0.0
M,208,Madueke,5.3,5.3,Chelsea,20,22,23,25,25,25,23,23,20,19,17,16,0.0
M,209,Mount,6.8,6.8,Man Utd,72,68,68,64,64,65,64,62,63,62,62,62,0.0
M,210,Mudryk,6.3,6.3,Chelsea,54,53,54,54,54,53,54,52,47,45,46,40,0.0
F,211,N.Jackson,6.9,6.9,Chelsea,61,61,61,60,58,60,61,57,53,51,46,47,0.01
F,212,Nkunku,7.3,7.3,Chelsea,0,0,0,0,0,0,0,16,39,49,64,67,0.0
M,213,Pulisic,5.5,5.5,Chelsea,0,0,0,0,0,0,0,0,0,0,0,0,0.0
D,214,M.Sarr,4.4,4.4,Chelsea,0,2,3,3,4,4,4,3,3,4,3,3,0.0
G,215,Slonina,4.0,4.0,Chelsea,0,0,0,0,0,0,0,0,0,0,0,0,0.0
M,216,Sterling,7.0,7.0,Chelsea,76,74,74,73,70,70,69,68,68,69,67,65,0.08
D,217,T.Silva,5.0,5.0,Chelsea,88,84,83,81,79,77,78,77,76,75,76,77,0.0
M,218,Ziyech,5.4,5.4,Chelsea,0,0,0,0,0,0,0,0,0,0,0,0,0.0
M,219,Ahamada,4.3,4.3,Crystal Palace,29,22,18,14,13,12,11,9,10,10,11,10,0.0
D,220,Andersen,4.9,4.9,Crystal Palace,89,86,84,82,80,81,80,79,79,80,78,80,0.03
M,221,J.Ayew,5.4,5.4,Crystal Palace,82,77,74,71,66,65,63,60,62,60,60,62,0.0
D,222,Clyne,4.4,4.4,Crystal Palace,13,15,20,20,23,25,23,25,25,23,22,22,0.0
M,223,C.Doucouré,5.0,5.0,Crystal Palace,88,85,84,82,81,76,75,75,74,74,71,76,0.0
M,224,Ebiowei,4.5,4.5,Crystal Palace,8,6,5,3,3,3,3,3,3,3,3,3,0.0
F,225,Edouard,5.5,5.5,Crystal Palace,73,70,68,67,66,65,64,63,62,61,64,64,0.0
M,226,Eze,6.1,6.1,Crystal Palace,0,0,0,0,21,33,47,70,72,73,74,73,0.01
G,227,Guaita,4.4,4.4,Crystal Palace,0,0,0,0,0,0,0,0,0,0,0,0,0.0
D,228,Guéhi,4.5,4.5,Crystal Palace,89,86,83,83,82,82,80,81,81,81,81,81,0.05
M,229,Hughes,4.9,4.9,Crystal Palace,61,55,50,45,41,42,40,35,33,34,35,36,0.0
G,230,Johnstone,4.5,4.5,Crystal Palace,94,92,85,74,70,69,70,69,69,70,69,67,0.05
M,231,Lerma,4.7,4.7,Crystal Palace,84,79,76,72,67,66,67,63,64,65,63,61,0.0
F,232,Mateta,4.9,4.9,Crystal Palace,50,44,39,33,34,34,34,33,32,33,31,32,0.0
G,233,Matthews,4.0,4.0,Crystal Palace,0,0,0,0,0,0,0,0,0,0,0,0,0.0
D,234,Mitchell,4.5,4.5,Crystal Palace,87,84,82,81,78,79,77,75,74,74,73,76,0.01
D,235,O'Brien,4.0,4.0,Crystal Palace,0,0,0,0,0,0,0,0,0,0,0,0,0.0
M,236,Olise,5.8,5.8,Crystal Palace,2,37,61,73,74,72,69,70,69,69,68,68,0.0
F,237,Plange,4.5,4.5,Crystal Palace,0,0,0,0,0,0,0,0,0,0,0,0,0.0
D,238,C.Richards,3.9,3.9,Crystal Palace,12,18,21,23,23,25,25,25,26,25,28,24,0.0
M,239,Riedewald,4.4,4.4,Crystal Palace,11,12,11,10,10,9,11,10,10,9,11,9,0.0
M,240,Schlupp,4.9,4.9,Crystal Palace,0,12,31,55,53,53,51,49,47,47,48,46,0.0
D,241,Tomkins,4.0,4.0,Crystal Palace,0,0,0,0,0,0,0,0,0,0,0,0,0.0
D,242,Ward,4.5,4.5,Crystal Palace,82,79,73,73,71,68,69,67,67,70,69,72,0.0
G,243,Whitworth,4.0,4.0,Crystal Palace,0,0,0,0,0,0,0,0,0,0,0,0,0.0
M,244,André Gomes,4.4,4.4,Everton,0,0,0,0,0,0,0,0,0,0,0,0,0.0
D,245,Branthwaite,4.0,4.0,Everton,85,80,78,76,73,70,71,71,70,69,68,72,0.02
F,246,Calvert-Lewin,5.8,5.8,Everton,65,63,57,56,57,55,54,54,57,55,56,55,0.0
D,247,Coleman,4.4,4.4,Everton,4,8,15,18,21,20,20,23,23,23,23,21,0.0
M,248,Dele,4.8,4.8,Everton,8,13,14,16,16,18,18,19,20,20,20,18,0.0
M,249,A.Doucoure,5.5,5.5,Everton,88,84,83,81,82,81,80,78,79,77,76,78,0.0
M,250,Garner,4.9,4.9,Everton,69,68,72,69,72,69,68,68,69,69,70,70,0.0
M,251,Gbamin,4.4,4.4,Everton,0,0,0,0,0,0,0,0,0,0,0,0,0.0
D,252,Godfrey,4.3,4.3,Everton,18,14,14,17,18,21,20,21,23,23,24,21,0.0
M,253,Gray,5.3,5.3,Everton,0,0,0,0,0,0,0,0,0,0,0,0,0.0
M,254,Gana,4.8,4.8,Everton,56,55,55,57,55,55,56,55,56,57,56,58,0.0
D,255,Holgate,4.0,4.0,Everton,0,0,0,0,0,0,0,0,0,0,0,0,0.0
M,256,Iwobi,5.4,5.4,Fulham,47,47,48,47,47,48,49,48,48,48,48,48,0.0
D,257,Keane,4.3,4.3,Everton,11,14,17,18,22,23,21,22,24,24,25,22,0.0
F,258,Maupay,4.9,4.9,Brentford,54,55,56,56,52,51,48,47,0,46,46,48,0.0
M,259,McNeil,5.4,5.4,Everton,77,76,77,75,73,73,73,72,71,72,72,72,0.0
D,260,Mykolenko,4.3,4.3,Everton,87,72,73,75,69,71,69,70,68,70,69,68,0.0
M,261,Onana,4.8,4.8,Everton,67,68,66,67,65,66,67,69,65,66,66,65,0.0
D,262,Patterson,4.4,4.4,Everton,83,31,27,26,30,31,35,33,32,32,33,30,0.0
G,263,Pickford,4.4,4.4,Everton,94,92,92,91,91,91,91,91,91,90,90,91,0.31
F,264,Simms,4.5,4.5,Everton,0,0,0,0,0,0,0,0,0,0,0,0,0.01
D,265,Tarkowski,4.5,4.5,Everton,92,89,88,86,86,85,86,85,84,82,83,85,0.01
G,266,J.Virginia,3.9,3.9,Everton,0,3,3,4,4,4,4,4,4,5,5,4,0.0
M,267,Andreas,5.5,5.5,Fulham,75,73,73,72,72,70,69,68,68,68,67,69,0.0
M,268,Cairney,4.9,4.9,Fulham,9,13,16,16,19,20,19,21,21,22,20,18,0.0
M,269,I.Cavaleiro,5.0,5.0,Fulham,0,0,0,0,0,0,0,0,0,0,0,0,0.0
M,270,De Cordova-Reid,5.5,5.5,Fulham,43,44,44,43,45,46,46,46,45,45,45,46,0.0
D,271,Diop,4.5,4.5,Fulham,0,0,0,0,0,0,0,0,0,0,0,0,0.0
M,272,Francois,4.4,4.4,Fulham,0,0,0,0,0,0,0,0,0,0,0,0,0.0
M,273,Knockaert,4.4,4.4,Fulham,0,0,0,0,0,0,0,0,0,0,0,0,0.0
D,274,Kongolo,4.0,4.0,Fulham,0,0,0,0,0,0,0,0,0,0,0,0,0.0
G,275,Leno,4.7,4.7,Fulham,94,93,92,92,91,91,91,90,90,90,90,91,0.04
M,276,Lukić,4.4,4.4,Fulham,28,34,36,37,37,37,40,39,41,41,39,38,0.0
D,277,Mbabu,4.0,4.0,Fulham,0,0,0,0,0,0,0,0,0,0,0,0,0.0
F,278,Mitrović,7.4,7.4,Fulham,0,0,0,0,0,0,0,0,0,0,0,0,0.0
F,279,Muniz,4.4,4.4,Fulham,2,3,2,3,3,3,4,4,4,4,4,3,0.0
M,280,J.Palhinha,5.0,5.0,Fulham,89,86,77,75,71,73,72,72,71,71,75,78,0.0
D,281,Ream,4.5,4.5,Fulham,93,89,86,85,85,85,83,83,82,82,82,82,0.0
M,282,Reed,4.8,4.8,Fulham,64,61,60,60,59,57,56,56,57,55,56,57,0.0
D,283,Robinson,4.5,4.5,Fulham,89,84,82,79,78,76,78,78,77,78,77,78,0.0
G,284,Rodák,3.9,3.9,Fulham,0,2,3,2,3,4,4,5,4,4,4,4,0.0
D,285,Tete,4.4,4.4,Fulham,0,0,0,0,0,0,0,0,0,0,0,0,0.0
D,286,Tosin,4.3,4.3,Fulham,0,8,29,48,49,51,50,50,52,50,50,51,0.0
F,287,Vinícius,4.8,4.8,Fulham,35,37,36,36,37,36,36,39,39,36,36,38,0.0
M,288,Wilson,5.3,5.3,Fulham,48,48,47,46,47,48,46,45,45,45,45,43,0.0
G,289,Adrián,4.0,4.0,Liverpool,0,0,0,0,0,0,0,0,0,0,0,0,0.0
D,290,Alexander-Arnold,7.9,7.9,Liverpool,87,88,85,83,81,81,81,80,80,79,78,81,0.03
G,291,A.Becker,5.5,5.5,Liverpool,94,93,93,92,92,91,90,91,91,91,90,90,0.0
M,292,Bajcetic,4.8,4.8,Liverpool,0,0,0,0,0,0,0,0,0,0,0,0,0.0
F,293,Darwin,7.4,7.4,Liverpool,42,40,42,41,42,42,43,42,44,42,43,42,0.05
M,294,Diogo J.,7.7,7.7,Liverpool,50,48,48,49,49,47,48,48,47,48,47,46,0.02
M,295,Elliott,4.8,4.8,Liverpool,24,14,14,14,14,16,17,16,18,17,17,17,0.0
M,296,Fabinho,5.0,5.0,Liverpool,0,0,0,0,0,0,0,0,0,0,0,0,0.0
F,297,Gakpo,7.2,7.2,Liverpool,38,47,46,45,45,47,47,46,46,47,44,47,0.0
D,298,Gomez,4.5,4.5,Liverpool,30,30,32,34,36,35,39,40,41,44,40,40,0.0
M,299,Henderson,5.0,5.0,Liverpool,0,0,0,0,0,0,0,0,0,0,0,0,0.0
M,300,Jones,4.9,4.9,Liverpool,0,50,46,42,41,43,40,43,42,40,42,42,0.0
G,301,Kelleher,3.9,3.9,Liverpool,1,2,2,3,3,4,5,4,4,4,5,5,0.0
D,302,Konaté,4.9,4.9,Liverpool,72,77,72,73,70,69,68,68,67,67,67,67,0.0
M,303,Luis Díaz,7.5,7.5,Liverpool,72,68,66,65,64,63,61,62,62,64,62,62,0.03
M,304,Mac Allister,5.9,5.9,Liverpool,81,79,75,71,69,69,69,67,68,67,68,73,0.0
D,305,Matip,4.9,4.9,Liverpool,33,27,32,31,32,33,35,33,36,36,37,35,0.0
D,306,Phillips,4.0,4.0,Liverpool,0,0,0,0,0,0,0,0,0,0,0,0,0.0
D,307,Robertson,6.5,6.5,Liverpool,0,0,0,0,0,0,0,0,0,0,0,6,0.01
M,308,Salah,12.8,12.8,Liverpool,88,83,82,80,79,79,79,77,77,78,79,79,0.52
M,309,Szoboszlai,7.0,7.0,Liverpool,89,84,80,78,78,79,78,76,75,77,78,77,0.0
M,310,Thiago,4.8,4.8,Liverpool,0,9,25,48,47,46,46,46,44,44,45,42,0.0
D,311,Tsimikas,4.5,4.5,Liverpool,71,71,69,68,68,67,66,67,64,66,66,61,0.16
D,312,Van den Berg,4.0,4.0,Liverpool,0,0,0,0,0,0,0,0,0,0,0,0,0.0
D,313,Virgil,6.0,6.0,Liverpool,90,87,87,86,84,83,82,81,80,80,80,81,0.0
F,314,Adebayo,4.8,4.8,Luton,40,40,39,39,39,39,40,40,39,39,40,40,0.0
D,315,Andersen,4.0,4.0,Luton,0,0,0,0,0,0,0,0,2,5,10,22,0.0
D,316,Bell,3.9,3.9,Luton,0,0,0,0,0,0,0,0,0,0,0,0,0.01
M,317,Berry,4.7,4.7,Luton,4,6,8,8,5,7,5,2,2,2,2,1,0.0
D,318,Burke,4.0,4.0,Luton,37,45,43,45,44,44,55,43,43,43,40,38,0.0
M,319,Campbell,4.9,4.9,Luton,0,0,0,0,0,0,0,0,0,0,0,0,0.0
M,320,Clark,4.9,4.9,Luton,0,0,0,6,17,28,40,24,25,25,25,23,0.0
D,321,Doughty,4.4,4.4,Luton,80,76,75,73,73,71,75,73,71,71,70,71,0.0
M,322,Freeman,4.9,4.9,Luton,0,0,0,0,0,0,0,0,0,0,0,0,0.0
G,323,Macey,4.0,4.0,Luton,0,0,0,0,0,0,0,0,0,0,0,0,0.0
F,324,McAtee,4.5,4.5,Luton,0,0,0,0,0,0,0,0,0,0,0,0,0.0
M,325,Mendes,4.5,4.5,Luton,0,0,0,0,0,0,0,0,0,0,0,0,0.0
F,326,Morris,5.5,5.5,Luton,81,78,75,74,73,74,73,74,73,75,73,74,0.19
F,327,Muskwe,4.5,4.5,Luton,0,0,0,0,0,0,0,0,0,0,0,0,0.0
F,328,Ogbene,4.9,4.9,Luton,66,64,61,61,61,58,61,60,58,58,59,61,0.0
M,329,Onyedinma,5.0,5.0,Luton,0,0,0,0,0,0,0,0,0,0,0,0,0.0
D,330,Osho,4.4,4.4,Luton,54,62,70,69,69,68,69,67,67,68,65,63,0.0
F,331,Pepple,4.5,4.5,Luton,0,0,0,0,0,0,0,0,0,0,0,0,0.0
M,332,Pereira,4.4,4.4,Luton,0,0,0,0,0,0,0,0,0,0,0,0,0.0
D,333,Potts,3.9,3.9,Luton,0,0,0,2,7,10,15,14,14,14,13,9,0.0
M,334,Rea,4.4,4.4,Luton,0,0,0,0,0,0,0,0,0,0,0,0,0.0
G,335,Shea,4.4,4.4,Luton,0,0,0,0,0,0,0,0,0,0,0,0,0.0
F,336,Taylor,4.5,4.5,Luton,0,0,0,0,0,0,0,0,0,0,0,0,0.01
M,337,Thorpe,4.5,4.5,Luton,0,0,0,0,0,0,0,0,0,0,0,0,0.0
G,338,Walton,4.0,4.0,Luton,0,0,0,0,0,0,0,0,0,0,0,0,0.0
M,339,Watson,4.4,4.4,Luton,0,0,0,0,0,0,0,0,0,0,0,0,0.0
F,340,Woodrow,4.4,4.4,Luton,4,4,6,6,6,7,6,5,5,5,7,5,0.0
D,341,Akanji,5.0,5.0,Man City,0,54,53,54,53,55,56,55,0,55,54,54,0.0
D,342,Aké,5.1,5.1,Man City,54,43,44,45,46,47,48,46,0,47,47,48,0.0
F,343,J.Alvarez,7.1,7.1,Man City,75,74,73,71,70,70,69,67,0,63,62,61,0.55
M,344,Bernardo,6.3,6.3,Man City,59,60,62,60,59,60,62,58,0,56,55,52,0.0
M,345,Bobb,4.4,4.4,Man City,0,1,2,4,5,5,5,4,0,3,3,2,0.0
D,346,Cancelo,5.8,5.8,Man City,0,0,0,0,0,0,0,0,0,0,0,0,0.0
G,347,Carson,3.9,3.9,Man City,0,0,0,0,0,0,0,0,0,0,0,0,0.0
M,348,Charles,4.5,4.5,Man City,0,0,0,0,0,0,0,0,0,0,0,0,0.0
M,349,De Bruyne,10.2,10.2,Man City,0,0,0,0,0,0,0,13,0,44,60,63,0.0
D,350,Rúben,5.5,5.5,Man City,85,80,78,76,75,73,75,74,0,73,74,73,0.09
M,351,Doyle,4.4,4.4,Wolves,0,2,3,3,4,4,4,5,4,4,4,4,0.0
G,352,Ederson M.,5.6,5.6,Man City,93,91,91,90,90,89,89,87,0,87,88,88,0.01
M,353,Foden,7.6,7.6,Man City,65,64,63,64,63,61,61,61,0,57,57,58,0.07
M,354,Grealish,7.3,7.3,Man City,54,54,53,55,57,55,57,54,0,50,50,49,0.0
F,355,Haaland,14.0,14.0,Man City,90,86,83,81,79,80,78,79,0,79,77,79,0.87
M,356,Kovačić,4.9,4.9,Man City,61,59,57,58,57,55,55,54,0,51,45,47,0.0
D,357,Laporte,4.9,4.9,Man City,0,0,0,0,0,0,0,0,0,0,0,0,0.0
D,358,R.Lewis,4.3,4.3,Man City,6,5,7,8,9,10,11,11,0,10,11,9,0.0
M,359,Mahrez,7.5,7.5,Man City,0,0,0,0,0,0,0,0,0,0,0,0,0.0
M,360,McAtee,4.4,4.4,Sheffield Utd,55,53,52,51,49,50,49,48,49,50,0,43,0.0
G,361,Ortega Moreno,3.9,3.9,Man City,2,4,4,5,5,6,6,8,0,8,7,7,0.0
M,362,Palmer,5.0,5.0,Chelsea,69,68,67,67,66,66,65,62,60,61,58,59,0.01
M,363,Perrone,4.4,4.4,Man City,0,0,0,0,0,0,0,0,0,0,0,0,0.0
M,364,Phillips,4.8,4.8,Man City,7,5,8,11,12,12,14,13,0,11,10,8,0.0
M,365,Rodrigo,5.6,5.6,Man City,89,85,83,78,77,78,75,77,0,75,77,82,0.0
D,366,Sergio Gómez,3.9,3.9,Man City,4,2,5,5,7,8,8,8,0,7,6,6,0.0
G,367,Steffen,3.9,3.9,Man City,0,0,0,0,0,0,0,0,0,0,0,0,0.0
D,368,Stones,5.3,5.3,Man City,76,67,66,63,63,63,63,64,0,65,63,63,0.0
D,369,Walker,5.3,5.3,Man City,75,63,64,64,63,61,62,61,0,62,58,58,0.0
D,370,Alex Telles,4.5,4.5,Man Utd,0,0,0,0,0,0,0,0,0,0,0,0,0.0
M,371,Amad,4.4,4.4,Man Utd,0,0,0,0,0,0,0,0,0,0,0,0,0.0
M,372,Antony,6.8,6.8,Man Utd,59,57,58,57,55,56,54,54,55,53,54,54,0.0
M,373,B.Fernandes,8.3,8.4,Man Utd,92,90,86,82,80,79,79,79,78,80,79,85,0.58
D,374,B.Williams,4.0,4.0,Man Utd,0,0,0,0,0,0,0,0,0,0,0,0,0.0
D,375,Bailly,4.0,4.0,Man Utd,0,0,0,0,0,0,0,0,0,0,0,0,0.0
M,376,Casemiro,5.4,5.4,Man Utd,74,86,83,84,83,80,80,79,78,76,78,82,0.0
D,377,Dalot,4.9,4.9,Man Utd,90,87,84,83,82,81,81,80,80,80,81,82,0.2
M,378,Elanga,5.0,5.0,Nott'm Forest,88,79,73,67,63,61,58,54,51,52,53,52,0.0
M,379,Eriksen,5.9,5.9,Man Utd,8,10,9,11,12,12,13,14,14,15,14,13,0.0
D,380,Fernandez,4.0,4.0,Man Utd,0,0,0,0,0,0,0,0,0,0,0,0,0.0
M,381,Fred,5.0,5.0,Man Utd,0,0,0,0,0,0,0,0,0,0,0,0,0.0
M,382,Garnacho,4.7,4.7,Man Utd,23,22,25,25,27,27,28,27,27,28,27,27,0.0
M,383,Hannibal,4.4,4.4,Man Utd,15,17,18,21,22,23,22,23,24,22,22,22,0.0
G,384,Heaton,4.0,4.0,Man Utd,0,0,0,0,0,0,0,0,0,0,1,0,0.0
G,385,Henderson,4.5,4.5,Crystal Palace,0,3,10,21,25,26,25,25,26,25,26,27,0.0
D,386,Lindelof,4.5,4.5,Man Utd,51,56,55,50,51,54,52,50,54,49,50,40,0.0
D,387,Maguire,4.2,4.2,Man Utd,55,53,55,56,52,49,52,54,51,56,50,35,0.0
M,388,Mainoo,4.4,4.4,Man Utd,0,0,0,0,0,0,0,0,0,0,0,0,0.0
D,389,Malacia,4.3,4.3,Man Utd,0,0,0,0,0,0,0,0,0,0,0,0,0.0
F,390,Martial,6.5,6.5,Man Utd,16,16,17,19,18,20,20,20,20,20,20,20,0.0
D,391,Martinez,4.7,4.7,Man Utd,0,0,0,0,0,0,0,0,0,0,7,53,0.0
M,392,McTominay,4.8,4.8,Man Utd,19,17,21,19,19,20,20,21,22,23,23,21,0.0
D,393,Mengi,3.9,3.9,Luton,74,64,63,61,59,60,60,58,59,58,57,53,0.0
M,394,Pellistri,4.4,4.4,Man Utd,18,19,20,22,23,21,21,23,22,25,24,22,0.0
D,395,R.Varane,5.0,5.0,Man Utd,87,82,79,77,77,76,76,75,75,74,75,72,0.0
M,396,Rashford,8.7,8.8,Man Utd,81,79,77,75,75,73,74,74,74,73,72,73,0.43
M,397,Sancho,6.7,6.7,Man Utd,0,0,0,0,0,0,0,0,0,0,0,0,0.0
D,398,Shaw,5.2,5.2,Man Utd,0,0,12,75,80,79,78,79,77,75,75,79,0.0
F,399,Shoretire,4.4,4.4,Man Utd,0,0,0,0,0,0,0,0,0,0,0,0,0.0
M,400,Van de Beek,4.8,4.8,Man Utd,0,0,1,1,2,2,2,2,2,2,2,2,0.0
D,401,Wan-Bissaka,4.4,4.4,Man Utd,0,0,0,0,0,0,0,0,0,0,0,0,0.0
M,402,Almirón,6.4,6.4,Newcastle,58,61,62,62,63,61,59,60,60,59,58,50,0.0
M,403,Anderson,4.4,4.4,Newcastle,22,25,23,28,28,28,31,34,34,34,32,31,0.02
D,404,Ashby,4.0,4.0,Newcastle,0,0,0,0,0,0,0,0,0,0,0,0,0.0
D,405,Botman,4.7,4.6,Newcastle,0,0,17,73,83,83,81,81,78,78,79,81,0.29
M,406,Bruno G.,5.8,5.8,Newcastle,90,64,65,71,72,74,75,78,78,77,79,81,0.0
D,407,Burn,4.7,4.7,Newcastle,89,88,85,82,80,80,80,79,79,77,78,79,0.33
G,408,Darlow,4.0,4.0,Newcastle,0,0,0,0,0,0,0,0,0,0,0,0,0.0
G,409,Dubravka,3.9,3.9,Newcastle,1,2,2,4,3,3,4,4,4,4,4,4,0.0
M,410,Fraser,4.9,4.9,Newcastle,0,0,0,0,0,0,0,0,0,0,0,0,0.0
G,411,Gillespie,3.9,3.9,Newcastle,0,0,0,0,0,0,0,0,0,0,0,0,0.0
M,412,Gordon,5.6,5.6,Newcastle,68,67,64,64,64,63,63,61,61,61,58,53,0.05
M,413,Hayden,4.4,4.4,Newcastle,0,0,0,0,0,0,0,0,0,0,0,0,0.0
M,414,Hendrick,4.4,4.4,Newcastle,0,0,0,0,0,0,0,0,0,0,0,0,0.0
F,415,Isak,7.5,7.5,Newcastle,65,65,65,64,61,64,62,63,62,62,61,61,0.0
M,416,Joelinton,5.8,5.8,Newcastle,80,76,72,73,71,69,69,67,68,67,67,71,0.0
D,417,Krafth,4.4,4.4,Newcastle,3,5,6,4,4,4,5,5,6,6,4,5,0.0
M,418,Kuol,4.5,4.5,Newcastle,0,0,0,0,0,0,0,0,0,0,0,0,0.0
D,419,Lascelles,4.0,4.0,Newcastle,69,67,53,22,18,18,17,17,20,20,20,19,0.01
D,420,J.Lewis,4.0,4.0,Newcastle,0,0,0,0,0,0,0,0,0,0,0,0,0.0
M,421,Longstaff,4.9,4.9,Newcastle,51,45,39,45,44,46,44,50,49,51,48,51,0.0
D,422,Manquillo,4.0,4.0,Newcastle,0,1,1,2,1,2,2,3,2,3,2,2,0.0
M,423,J.Murphy,4.8,4.8,Newcastle,39,34,27,25,25,25,26,26,26,27,25,19,0.0
G,424,Pope,5.5,5.5,Newcastle,94,93,93,91,92,92,91,91,91,91,91,91,0.0
M,425,Ritchie,4.4,4.4,Newcastle,2,4,5,7,6,6,7,8,9,9,9,5,0.0
M,426,Saint-Maximin,6.0,6.0,Newcastle,0,0,0,0,0,0,0,0,0,0,0,0,0.0
D,427,Schär,5.2,5.2,Newcastle,90,89,87,85,82,82,81,82,80,80,80,78,0.15
D,428,Targett,4.3,4.3,Newcastle,15,17,17,13,10,11,11,11,13,13,14,12,0.0
M,429,Tonali,5.3,5.3,Newcastle,39,51,58,35,35,34,35,16,16,15,15,0,0.0
D,430,Trippier,7.0,7.0,Newcastle,90,86,86,83,81,80,79,78,79,76,76,79,0.58
D,431,Watts,4.0,4.0,Newcastle,0,0,0,0,0,0,0,0,0,0,0,0,0.0
M,432,Willock,5.3,5.3,Newcastle,5,24,36,40,41,40,40,44,46,46,46,47,0.0
F,433,Wilson,7.8,7.8,Newcastle,50,50,52,51,52,52,50,52,51,51,51,45,0.0
M,434,B.Aguilera,4.5,4.5,Nott'm Forest,0,0,0,0,0,0,0,0,0,0,0,0,0.0
M,435,Arter,4.4,4.4,Nott'm Forest,0,0,0,0,0,0,0,0,0,0,0,0,0.0
D,436,Aurier,4.5,4.5,Nott'm Forest,0,67,65,64,62,63,62,59,58,60,58,61,0.0
F,437,Awoniyi,6.5,6.5,Nott'm Forest,0,10,36,69,68,67,66,65,66,65,67,64,0.0
D,438,Biancone,3.9,3.9,Nott'm Forest,0,0,0,0,0,0,0,0,0,0,0,0,0.0
D,439,Boly,4.5,4.5,Nott'm Forest,81,72,67,64,62,62,64,62,60,63,61,62,0.0
M,440,Bowler,4.5,4.5,Nott'm Forest,0,0,0,0,0,0,0,0,0,0,0,0,0.0
D,441,Cook,4.5,4.5,Nott'm Forest,0,0,0,0,0,0,0,0,0,0,0,0,0.0
M,442,Danilo,5.3,5.3,Nott'm Forest,15,31,50,53,47,50,46,44,45,44,43,41,0.0
F,443,Dennis,4.8,4.8,Nott'm Forest,0,0,0,0,0,0,0,0,0,0,0,0,0.0
D,444,Dräger,4.0,4.0,Nott'm Forest,0,0,0,0,0,0,0,0,0,0,0,0,0.0
D,445,Felipe,4.4,4.4,Nott'm Forest,14,40,55,55,56,54,53,53,56,51,54,53,0.0
M,446,Freuler,4.9,4.9,Nott'm Forest,0,0,0,0,0,0,0,0,0,0,0,0,0.0
M,447,Gibbs-White,5.8,5.8,Nott'm Forest,89,85,79,76,74,69,67,68,67,65,64,69,0.08
G,448,Hennessey,4.0,4.0,Nott'm Forest,0,0,0,0,0,0,0,0,0,0,0,0,0.0
G,449,Horvath,4.4,4.4,Nott'm Forest,0,0,0,0,0,0,0,0,0,0,0,0,0.0
M,450,Johnson,5.8,5.8,Spurs,50,53,54,53,55,56,54,55,54,54,52,47,0.0
M,451,Kouyaté,4.8,4.8,Nott'm Forest,13,10,9,11,11,12,10,10,10,10,11,8,0.0
D,452,Laryea,4.5,4.5,Nott'm Forest,0,0,0,0,0,0,0,0,0,0,0,0,0.0
M,453,Mangala,5.0,5.0,Nott'm Forest,65,65,62,60,59,58,56,57,54,57,57,60,0.0
D,454,Mbe Soh,4.0,4.0,Nott'm Forest,0,0,0,0,0,0,0,0,0,0,0,0,0.0
D,455,McKenna,4.5,4.5,Nott'm Forest,4,2,2,2,2,3,3,3,3,3,3,3,0.0
M,456,Mighten,4.4,4.4,Nott'm Forest,0,0,0,0,0,0,0,0,0,0,0,0,0.0
D,457,Niakhaté,4.5,4.5,Nott'm Forest,69,66,66,66,65,63,63,62,63,62,63,64,0.0
M,458,O'Brien,4.9,4.9,Nott'm Forest,0,0,0,0,0,0,0,0,0,0,0,0,0.0
M,459,Ojeda,4.5,4.5,Nott'm Forest,0,0,0,0,0,0,0,0,0,0,0,0,0.0
D,460,Panzo,4.0,4.0,Nott'm Forest,0,0,0,0,0,0,0,0,0,0,0,0,0.0
D,461,O.Richards,4.4,4.4,Nott'm Forest,0,0,0,0,0,0,0,0,0,0,0,0,0.0
M,462,G.Scarpa,4.5,4.5,Nott'm Forest,0,0,0,0,0,0,0,0,0,0,0,0,0.0
M,463,J.Shelvey,4.8,4.8,Nott'm Forest,0,0,0,0,0,0,0,0,0,0,0,0,0.0
F,464,Surridge,4.5,4.5,Nott'm Forest,0,0,0,0,0,0,0,0,0,0,0,0,0.01
D,465,Toffolo,4.4,4.4,Nott'm Forest,47,28,24,23,24,25,25,24,27,26,26,25,0.0
F,466,Ui-jo,4.4,4.4,Nott'm Forest,0,0,0,0,0,0,0,0,0,0,0,0,0.0
D,467,Williams,4.3,4.3,Nott'm Forest,63,18,17,18,18,20,21,22,20,21,22,20,0.0
F,468,Wood,4.9,4.9,Nott'm Forest,91,78,56,29,28,27,27,25,24,25,25,25,0.0
D,469,Worrall,4.5,4.5,Nott'm Forest,9,5,2,4,4,4,5,7,4,5,5,6,0.0
M,470,Yates,4.9,4.9,Nott'm Forest,24,22,21,25,25,27,27,27,26,25,24,22,0.0
D,471,Ahmedhodžić,4.3,4.3,Sheffield Utd,0,0,0,0,0,0,0,0,0,0,0,0,0.0
G,472,Amissah,3.9,3.9,Sheffield Utd,0,0,0,0,0,0,0,0,0,0,0,0,0.0
D,473,Baldock,3.9,3.9,Sheffield Utd,16,49,56,55,53,56,56,55,54,55,54,48,0.14
D,474,Basham,4.0,4.0,Sheffield Utd,0,0,0,0,0,0,0,0,0,0,0,0,0.0
M,475,Berge,4.8,4.8,Burnley,66,65,62,63,63,60,60,60,60,61,56,58,0.0
D,476,Bogle,4.5,4.5,Sheffield Utd,69,56,52,54,54,55,54,57,54,53,54,48,0.0
F,477,Brewster,4.9,4.9,Sheffield Utd,38,32,32,33,34,35,34,35,34,36,37,34,0.0
M,478,Coulibaly,4.4,4.4,Sheffield Utd,6,8,10,11,13,13,14,15,16,16,20,8,0.0
G,479,A.Davies,4.0,4.0,Sheffield Utd,1,3,3,4,3,3,4,4,5,5,6,6,0.0
D,480,Egan,4.4,4.4,Sheffield Utd,0,0,0,0,0,0,0,0,6,17,34,82,0.0
M,481,Fleck,4.9,4.9,Sheffield Utd,35,40,45,49,50,51,51,52,51,50,54,43,0.0
G,482,Foderingham,4.5,4.5,Sheffield Utd,93,92,92,91,92,92,91,91,90,90,89,89,0.0
F,483,Jebbison,4.8,4.8,Sheffield Utd,0,0,1,1,2,2,3,3,3,3,4,2,0.0
D,484,Lowe,4.4,4.4,Sheffield Utd,0,0,0,0,0,0,0,0,0,0,0,0,0.0
F,485,McBurnie,5.4,5.4,Sheffield Utd,55,69,67,66,64,64,64,63,62,63,61,62,0.0
F,486,Ndiaye,5.5,5.5,Sheffield Utd,0,0,0,0,0,0,0,0,0,0,0,0,0.0
D,487,Norrington-Davies,3.9,3.9,Sheffield Utd,0,0,0,0,0,0,0,0,0,0,0,0,0.0
M,488,Norwood,4.8,4.8,Sheffield Utd,79,77,75,74,74,69,71,70,71,68,71,62,0.0
M,489,Osborn,4.8,4.8,Sheffield Utd,34,28,28,32,35,35,34,35,37,36,39,31,0.0
F,490,Osula,4.3,4.3,Sheffield Utd,0,2,3,3,4,4,5,6,5,5,7,5,0.03
G,491,Austin,3.9,3.9,Spurs,0,0,0,0,0,0,0,0,0,0,0,0,0.0
M,492,Bentancur,5.4,5.4,Spurs,2,12,19,17,18,19,18,20,19,17,19,15,0.0
M,493,Bissouma,5.0,5.0,Spurs,82,58,64,67,66,68,69,69,70,71,71,74,0.0
M,494,Bryan,4.9,4.9,Spurs,16,20,19,21,21,21,23,24,23,23,20,15,0.0
D,495,Davies,4.3,4.3,Spurs,14,22,25,28,29,30,31,36,32,31,35,29,0.0
D,496,Dier,4.2,4.2,Spurs,9,14,18,23,24,24,24,28,26,28,27,23,0.0
D,497,E.Royal,4.4,4.4,Spurs,13,16,19,21,21,21,24,24,24,23,22,21,0.0
G,498,Forster,3.9,3.9,Spurs,1,2,2,3,3,4,4,5,5,5,5,5,0.0
M,499,Højbjerg,5.2,5.2,Spurs,24,34,29,30,28,29,28,28,27,28,28,28,0.0
F,500,Kane,12.5,12.5,Spurs,0,0,0,0,0,0,0,0,0,0,0,0,0.0
M,501,Kulusevski,7.0,7.0,Spurs,75,73,70,70,70,68,69,69,68,67,67,66,0.0
G,502,Lloris,4.8,4.8,Spurs,0,0,0,0,0,0,0,0,0,0,0,0,0.0
M,503,Lo Celso,4.8,4.8,Spurs,9,13,13,15,16,17,18,17,18,17,16,12,0.0
M,504,Maddison,8.1,8.1,Spurs,87,83,81,79,79,78,77,76,75,73,75,77,0.7
M,505,Ndombele,4.4,4.4,Spurs,0,0,0,0,0,0,0,0,0,0,0,0,0.0
D,506,Pedro Porro,5.2,5.1,Spurs,84,79,77,75,75,75,73,72,74,74,74,74,0.33
D,507,Perišić,4.8,4.8,Spurs,0,0,0,0,0,0,0,0,0,0,0,0,0.0
D,508,Reguilón,4.4,4.4,Man Utd,82,77,67,22,18,17,20,19,21,22,21,0,0.01
M,509,Richarlison,6.7,6.7,Spurs,58,57,56,56,54,54,55,55,54,53,50,48,0.05
D,510,Rodon,4.0,4.0,Spurs,0,0,0,0,0,0,0,0,0,0,0,0,0.0
D,511,Romero,4.9,4.9,Spurs,90,87,85,82,81,78,77,74,76,74,75,81,0.0
D,512,Sánchez,4.4,4.4,Spurs,0,0,0,0,0,0,0,0,0,0,0,0,0.0
M,513,Sarr,4.6,4.6,Spurs,72,70,66,64,63,61,61,60,59,61,58,61,0.0
D,514,Sessegnon,4.4,4.4,Spurs,0,0,0,0,0,0,0,0,0,0,0,0,0.0
M,515,Skipp,4.7,4.7,Spurs,9,15,12,12,15,14,15,15,16,15,14,12,0.0
M,516,Son,9.5,9.3,Spurs,82,81,80,79,77,77,77,77,77,77,75,75,0.92
D,517,Spence,4.0,4.0,Spurs,0,0,0,0,0,0,0,0,0,0,0,0,0.0
D,518,Tanganga,4.0,4.0,Spurs,0,0,0,0,0,0,0,0,0,0,0,0,0.0
D,519,Udogie,4.9,4.7,Spurs,80,76,72,70,71,69,70,65,67,69,65,71,0.57
G,520,Vicario,5.2,5.2,Spurs,94,93,93,92,92,91,91,90,90,90,90,90,0.0
G,521,Whiteman,3.9,3.9,Spurs,0,0,0,0,0,0,0,0,0,0,0,0,0.0
D,522,N.Aguerd,4.5,4.5,West Ham,89,85,83,81,81,81,80,79,78,79,77,78,0.0
F,523,Antonio,5.8,5.8,West Ham,67,63,61,60,60,59,58,56,57,55,56,58,0.0
G,524,Areola,4.2,4.2,West Ham,92,91,91,89,90,88,87,87,87,88,86,86,0.48
M,525,Benrahma,5.7,5.7,West Ham,25,33,35,34,33,33,33,35,34,34,34,34,0.0
M,526,Bowen,7.4,7.4,West Ham,85,83,81,79,76,76,76,75,74,75,75,72,0.22
M,527,Cornet,5.3,5.3,West Ham,24,8,9,9,10,11,13,12,13,13,12,12,0.0
D,528,Coufal,4.6,4.6,West Ham,86,81,78,76,74,75,71,72,70,73,71,71,0.01
M,529,Coventry,4.4,4.4,West Ham,2,4,4,4,5,5,4,6,5,5,6,5,0.0
D,530,Cresswell,4.2,4.2,West Ham,42,9,12,13,14,14,15,15,17,16,19,17,0.0
M,531,Downes,5.0,5.0,West Ham,0,0,0,0,0,0,0,0,0,0,0,0,0.0
D,532,Emerson,4.5,4.5,West Ham,0,83,81,80,77,76,76,76,75,74,73,75,0.0
G,533,Fabianski,4.3,4.3,West Ham,3,4,4,6,5,7,8,8,8,7,9,9,0.0
M,534,P.Fornals,4.7,4.7,West Ham,14,21,22,22,23,24,25,23,23,24,23,23,0.0
F,535,Ings,5.7,5.7,West Ham,20,23,23,24,23,24,24,25,24,25,24,24,0.0
D,536,Johnson,4.4,4.4,West Ham,24,7,11,10,12,13,14,14,13,14,15,14,0.0
D,537,Kehrer,4.3,4.3,West Ham,21,21,22,24,24,24,24,25,26,24,24,25,0.0
F,538,Mubama,4.3,4.3,West Ham,2,4,4,5,5,5,6,6,7,6,6,6,0.08
M,539,L.Paquetá,6.0,6.0,West Ham,74,59,62,62,62,62,62,62,64,62,66,66,0.0
M,540,Rice,5.4,5.4,Arsenal,85,83,77,77,77,75,75,73,73,73,73,72,0.0
F,541,Scamacca,6.0,6.0,West Ham,0,0,0,0,0,0,0,0,0,0,0,0,0.0
M,542,Souček,4.9,4.9,West Ham,76,75,74,75,74,72,72,71,72,70,70,71,0.0
M,543,Vlašić,4.5,4.5,West Ham,0,0,0,0,0,0,0,0,0,0,0,0,0.0
D,544,Zouma,4.5,4.5,West Ham,88,85,82,82,79,78,79,76,77,78,77,77,0.0
D,545,Aït-Nouri,4.5,4.5,Wolves,65,65,60,61,59,57,56,56,55,54,57,56,0.0
G,546,Bentley,3.9,3.9,Wolves,1,2,3,4,4,3,4,3,4,3,5,5,0.0
D,547,Bolla,4.0,4.0,Wolves,0,0,0,0,0,0,0,0,0,0,0,0,0.0
D,548,H.Bueno,4.4,4.4,Wolves,3,10,18,18,21,19,20,20,20,21,20,20,0.0
M,549,Chiquinho,4.5,4.5,Wolves,0,0,0,0,0,0,0,0,0,0,0,0,0.0
M,550,Cundle,4.5,4.5,Wolves,0,0,0,0,0,0,0,0,0,0,0,0,0.0
D,551,Dawson,4.5,4.5,Wolves,92,90,86,83,80,80,81,78,79,78,79,84,0.0
F,552,Fábio Silva,5.3,5.3,Wolves,30,32,33,32,36,34,37,35,37,36,34,34,0.0
D,553,Giles,4.4,4.4,Luton,28,35,39,40,36,36,51,30,32,32,33,29,0.0
M,554,Guedes,5.4,5.4,Wolves,0,0,0,0,0,0,0,0,0,0,0,0,0.0
M,555,Hodge,4.4,4.4,Wolves,3,8,9,9,10,11,10,10,10,11,10,8,0.0
D,556,Hoever,4.0,4.0,Wolves,0,0,0,0,0,0,0,0,0,0,0,0,0.0
M,557,Hee Chan,5.4,5.4,Wolves,71,69,65,65,64,63,65,62,63,61,61,64,0.0
F,558,Raúl,5.3,5.3,Fulham,64,60,60,59,58,58,57,55,55,58,56,56,0.0
M,559,João Gomes,4.9,4.9,Wolves,69,68,63,59,57,58,56,56,54,54,54,61,0.0
D,560,J.Otto,4.4,4.4,Wolves,5,14,15,17,17,20,18,19,19,20,21,16,0.0
M,561,Jordão,4.4,4.4,Wolves,0,1,2,2,2,2,2,3,3,2,2,2,0.0
F,562,Kalajdžić,4.9,4.9,Wolves,9,10,12,13,14,14,14,15,15,16,16,15,0.0
D,563,Kilman,4.5,4.5,Wolves,91,88,86,83,81,81,80,80,80,80,77,80,0.0
G,564,King,4.0,4.0,Wolves,0,0,0,0,0,0,0,0,0,0,0,0,0.0
M,565,Lemina,4.9,4.9,Wolves,85,61,64,67,68,69,70,70,71,72,71,71,0.0
M,566,Matheus N.,5.0,5.0,Man City,34,36,37,39,43,43,42,39,0,37,33,32,0.0
M,567,Neto,5.8,5.8,Wolves,84,81,77,77,73,74,71,72,72,72,73,74,0.08
M,568,Podence,5.3,5.3,Wolves,0,0,0,0,0,0,0,0,0,0,0,0,0.0
G,569,José Sá,5.0,5.0,Wolves,94,93,92,91,91,92,91,92,91,91,90,90,0.0
M,570,Sarabia,4.8,4.8,Wolves,32,34,37,38,39,38,38,40,39,42,41,39,0.0
G,571,Šarkić,4.0,4.0,Wolves,0,0,0,0,0,0,0,0,0,0,0,0,0.0
D,572,N.Semedo,4.5,4.5,Wolves,90,66,71,72,73,74,75,76,76,77,76,79,0.0
D,573,Toti,4.4,4.4,Wolves,69,68,68,67,69,68,71,68,66,66,67,66,0.0
M,574,Boubacar Traore,4.4,4.4,Wolves,15,21,23,23,24,23,25,24,26,23,23,21,0.0
D,575,Lockyer,4.3,4.3,Luton,89,86,84,83,82,80,79,78,77,75,77,80,0.0
D,576,Robinson,4.4,4.4,Sheffield Utd,91,88,86,85,83,81,82,79,79,78,79,81,0.0
D,577,Ogbonna,4.4,4.4,West Ham,4,7,7,10,10,10,12,11,13,10,12,12,0.0
M,578,Nelson,4.9,4.9,Arsenal,5,5,7,8,8,9,10,10,11,11,10,11,0.0
G,579,Lonergan,4.0,4.0,Everton,0,0,0,0,0,0,0,0,0,0,0,0,0.0
G,580,Karius,3.9,3.9,Newcastle,0,0,0,0,0,0,0,0,0,0,0,0,0.0
D,581,Dummett,3.9,3.9,Newcastle,8,9,10,4,2,2,3,3,4,4,4,3,0.0
M,582,Mpanzu,4.8,4.8,Luton,77,75,75,68,53,68,48,39,41,38,39,39,0.0
M,583,Solomon,5.2,5.2,Spurs,0,0,0,0,0,0,0,0,3,10,17,37,0.0
D,584,Pau,4.5,4.5,Aston Villa,88,86,85,83,82,82,83,81,81,80,81,81,0.01
D,585,J.Timber,4.7,4.7,Arsenal,0,0,0,0,0,0,0,0,0,0,0,0,0.0
M,586,Chong,4.9,4.9,Luton,38,37,37,37,34,37,36,34,34,36,36,35,0.0
M,587,Slimane,4.7,4.7,Sheffield Utd,28,27,26,28,28,30,31,29,30,31,41,26,0.0
D,588,Young,4.4,4.4,Everton,0,73,70,67,63,63,61,58,59,59,59,64,0.0
M,589,Ângelo,5.0,5.0,Chelsea,0,0,0,0,0,0,0,0,0,0,0,0,0.0
F,590,Cunha,5.5,5.5,Wolves,73,72,72,69,66,69,66,67,66,65,66,66,0.0
M,591,Willian,5.3,5.3,Fulham,74,73,71,71,69,69,69,69,69,68,68,68,0.0
D,592,Larouci,4.4,4.4,Sheffield Utd,9,8,11,11,12,13,14,15,16,16,15,11,0.0
F,593,T.Bénie,5.2,5.2,Sheffield Utd,14,10,11,10,13,12,11,12,14,14,16,15,0.0
F,594,Amdouni,5.4,5.4,Burnley,40,40,40,39,40,39,38,38,39,38,38,38,0.0
D,595,Kerkez,4.5,4.5,Bournemouth,75,73,70,69,69,67,67,67,64,65,67,64,0.0
G,596,Trafford,4.5,4.5,Burnley,94,93,92,92,90,89,89,90,89,89,89,88,0.02
G,597,Onana,4.8,4.8,Man Utd,94,92,92,91,90,91,91,90,89,90,88,90,0.08
D,598,Doherty,4.3,4.3,Wolves,36,49,45,46,48,47,49,47,48,48,46,45,0.0
M,599,Diaby,6.7,6.7,Aston Villa,77,75,75,74,74,72,72,68,69,70,72,72,0.17
M,600,Redmond,4.8,4.8,Burnley,8,8,9,9,11,10,10,12,11,12,12,10,0.0
M,601,Danjuma,5.5,5.5,Everton,24,26,27,29,30,31,31,29,29,30,29,30,0.0
D,602,Kaboré,4.0,4.0,Luton,84,79,78,77,73,71,0,71,67,65,67,70,0.21
M,603,Barnes,6.2,6.2,Newcastle,0,0,0,0,0,0,0,0,0,0,10,51,0.0
D,604,Aina,4.5,4.5,Nott'm Forest,57,42,41,40,37,38,36,36,35,33,36,37,0.0
M,605,Koleosho,5.0,5.0,Burnley,45,48,46,45,43,44,44,41,39,42,40,40,0.0
D,606,Igor,4.3,4.3,Brighton,71,61,48,38,41,41,41,40,41,39,41,41,0.0
G,607,Radu,4.4,4.4,Bournemouth,0,1,2,3,3,3,5,5,3,4,3,1,0.0
M,608,Bruun Larsen,4.9,4.9,Burnley,34,34,32,33,33,33,32,32,30,30,31,32,0.0
M,609,Maatsen,5.2,5.2,Chelsea,10,13,18,20,19,16,18,12,11,12,11,9,0.0
D,610,Bassey,4.4,4.4,Fulham,91,82,69,61,61,58,60,62,60,61,62,60,0.0
D,611,Disasi,5.1,5.1,Chelsea,53,54,56,56,53,53,52,54,50,52,53,50,0.0
M,613,Ugochukwu,4.4,4.4,Chelsea,20,21,26,29,31,31,32,32,28,29,28,25,0.0
G,614,Kaminski,4.5,4.5,Luton,92,91,90,90,90,88,88,86,86,87,86,85,0.01
M,615,Matheus França,4.9,4.9,Crystal Palace,46,44,35,30,28,27,26,21,23,23,24,22,0.0
D,616,Gvardiol,5.0,5.0,Man City,77,69,67,69,68,67,65,66,0,65,68,67,0.02
F,617,Højlund,7.2,7.2,Man Utd,74,73,71,70,69,69,68,68,69,67,68,68,0.02
M,618,Kellyman,4.5,4.5,Aston Villa,0,0,0,1,2,2,1,1,0,0,0,0,0.0
D,619,Greenwood,4.0,4.0,Bournemouth,0,0,0,0,0,0,0,0,0,0,0,0,0.0
M,620,Olakigbe,4.5,4.5,Brentford,0,1,1,2,2,1,1,0,0,0,0,0,0.0
M,621,Hinshelwood,4.5,4.5,Brighton,8,12,12,13,14,13,14,17,15,17,17,16,0.0
D,622,Dodgson,4.0,4.0,Burnley,0,0,0,0,0,0,0,0,0,0,0,0,0.0
F,623,Burstow,4.5,4.5,Chelsea,0,0,0,0,0,0,0,0,0,0,0,0,0.0
M,624,Dobbin,4.5,4.5,Everton,7,8,8,10,10,12,12,11,13,13,13,12,0.0
D,625,De Fougerolles,4.0,4.0,Fulham,2,4,4,2,2,2,3,2,3,3,3,3,0.0
D,626,Quansah,4.0,4.0,Liverpool,0,2,3,3,5,6,6,7,7,7,7,7,0.0
M,627,Clark,4.5,4.5,Liverpool,0,0,0,0,0,0,0,0,0,0,0,0,0.0
M,628,Doak,4.4,4.4,Liverpool,0,0,0,0,0,0,0,0,0,0,0,0,0.0
M,629,McConnell,4.5,4.5,Liverpool,0,0,0,0,0,0,0,0,0,0,0,0,0.0
M,630,Barkley,4.9,4.9,Luton,24,24,24,23,19,23,18,17,16,17,17,16,0.0
F,631,Brown,4.9,4.9,Luton,59,56,53,52,54,54,53,52,54,54,53,51,0.0
M,632,Forson,4.4,4.4,Man Utd,0,0,0,0,0,0,0,0,0,0,0,0,0.0
D,633,Livramento,4.4,4.4,Newcastle,9,11,12,15,15,17,16,18,17,18,19,16,0.0
D,634,A.Murphy,3.9,3.9,Newcastle,0,0,0,0,0,0,0,0,0,0,0,0,0.0
M,635,Miley,4.5,4.5,Newcastle,0,0,0,2,0,0,1,1,1,2,2,1,0.0
G,636,G.Shelvey,4.0,4.0,Nott'm Forest,0,0,0,0,0,0,0,0,0,0,0,0,0.0
D,637,Powell,4.0,4.0,Nott'm Forest,0,0,0,0,0,0,0,0,0,0,0,0,0.0
M,638,Vini Souza,5.0,5.0,Sheffield Utd,91,88,84,81,80,78,75,74,73,71,71,68,0.0
D,639,Van de Ven,4.6,4.6,Spurs,90,85,82,80,78,81,81,78,79,79,78,79,0.01
F,640,Scarlett,4.5,4.5,Spurs,0,0,0,0,0,0,0,0,0,0,0,0,0.0
F,641,Veliz,5.4,5.4,Spurs,3,4,6,6,7,7,7,8,9,7,8,5,0.0
M,642,Álvarez,5.0,5.0,West Ham,84,61,63,66,68,70,73,72,72,74,75,75,0.0
D,643,Aarons,4.5,4.5,Bournemouth,67,66,66,65,63,60,61,60,61,58,59,60,0.0
M,644,Scott,4.9,4.9,Bournemouth,27,27,27,25,27,28,28,28,28,28,29,27,0.0
F,645,Y. Chermiti,4.9,4.9,Everton,3,4,5,6,6,6,6,7,7,6,7,6,0.0
G,646,Hein,4.0,4.0,Arsenal,0,0,0,3,0,0,0,0,0,0,0,0,0.0
G,647,Anang,4.0,4.0,West Ham,0,0,0,0,0,0,0,0,0,0,0,0,0.0
D,648,Francis-Clarke,4.0,4.0,Luton,0,0,0,0,0,0,0,0,0,0,0,0,0.0
F,649,Cannon,4.5,4.5,Everton,0,0,0,0,0,0,0,0,0,0,0,0,0.0
M,650,Onyango,4.5,4.5,Everton,0,0,0,0,0,0,0,2,1,1,1,1,0.0
F,651,Stansfield,4.5,4.5,Fulham,0,0,0,0,0,0,0,0,0,0,0,0,0.0
M,652,Dibley-Dias,4.5,4.5,Fulham,0,0,0,0,0,0,0,0,0,0,0,0,0.0
D,653,Seriki,4.0,4.0,Sheffield Utd,0,0,0,0,0,0,0,1,1,0,2,0,0.0
F,654,Marsh,4.5,4.5,Sheffield Utd,0,0,0,0,0,0,0,0,0,0,0,0,0.0
M,655,Brooks,4.5,4.5,Sheffield Utd,0,0,0,0,0,0,0,0,0,0,0,0,0.0
F,656,Hackford,4.5,4.5,Sheffield Utd,0,0,0,0,0,0,0,0,0,0,0,0,0.0
M,657,Rak-Sakyi,4.5,4.5,Crystal Palace,27,21,15,12,12,11,11,9,10,9,9,9,0.0
F,658,Gordon,4.5,4.5,Crystal Palace,0,0,0,0,0,0,0,0,0,0,0,0,0.0
G,659,Bergström,4.0,4.0,Chelsea,0,0,0,0,0,0,0,0,0,0,0,0,0.0
M,660,Odobert,5.0,5.0,Burnley,38,28,28,29,31,30,32,30,30,29,29,29,0.0
M,661,Harrison,5.5,5.5,Everton,70,69,65,62,63,62,62,61,61,62,63,61,0.0
M,662,Adama,4.9,4.9,Fulham,3,9,18,23,23,24,24,25,25,27,27,25,0.0
M,663,Hamer,5.0,5.0,Sheffield Utd,84,80,79,78,78,76,75,74,72,72,75,73,0.0
M,664,Ward-Prowse,6.3,6.3,West Ham,77,79,76,75,76,75,74,73,73,74,73,71,0.03
G,665,Krul,4.5,4.5,Luton,3,4,4,5,5,7,7,9,8,7,9,9,0.0
M,666,T.Davies,5.0,5.0,Sheffield Utd,0,0,0,0,0,0,0,0,0,0,0,0,0.0
M,667,Lavia,4.9,4.9,Chelsea,0,0,0,0,0,0,0,0,0,0,0,0,0.0
M,668,Endo,5.4,5.4,Liverpool,31,18,19,15,16,16,17,19,19,18,17,17,0.0
G,669,Vítek,4.0,4.0,Man Utd,0,0,0,0,0,0,0,0,0,0,0,0,0.0
G,670,Marschall,4.0,4.0,Aston Villa,0,0,0,0,0,0,0,0,0,0,0,0,0.0
D,671,Humphreys,4.0,4.0,Chelsea,0,0,0,0,0,0,0,0,0,0,0,0,0.0
M,672,Zaniolo,5.5,5.5,Aston Villa,42,45,45,27,26,27,27,14,13,14,14,0,0.0
M,673,Adams,5.0,5.0,Bournemouth,0,0,0,0,0,0,0,0,0,0,0,2,0.0
D,674,Delcroix,4.0,4.0,Burnley,67,50,46,40,44,41,44,44,42,43,42,41,0.0
M,675,A.Ramsey,5.0,5.0,Burnley,37,38,36,37,36,37,38,36,35,35,36,35,0.0
D,676,Mavropanos,4.5,4.5,West Ham,9,12,16,16,17,17,16,20,19,20,20,19,0.0
F,677,Deivid,4.5,4.5,Chelsea,6,9,10,12,13,13,13,10,9,8,6,6,0.0
M,678,Doku,6.5,6.5,Man City,39,43,43,44,44,45,46,46,0,41,39,38,0.0
D,679,G.Montiel,4.5,4.5,Nott'm Forest,15,24,23,24,25,23,23,24,24,25,24,25,0.0
G,680,Beach,4.0,4.0,Chelsea,0,0,0,0,0,0,0,0,0,0,0,0,0.0
M,681,Diego Moreira,4.5,4.5,Chelsea,0,0,0,0,0,0,0,0,0,0,0,0,0.0
D,682,Johnson,4.0,4.0,Luton,0,1,1,2,1,1,1,0,0,0,0,0,0.0
M,683,Harris,4.5,4.5,Fulham,4,4,4,4,5,5,6,6,6,6,7,6,0.0
M,684,Brierley,4.5,4.5,Brentford,0,0,2,2,1,0,1,0,0,0,0,0,0.0
M,685,Gore,4.5,4.5,Man Utd,0,0,0,0,0,0,0,0,0,0,0,0,0.0
G,686,Zych,4.0,4.0,Aston Villa,0,0,0,0,0,0,0,0,0,0,0,0,0.0
G,687,Petrovic,4.5,4.5,Chelsea,1,2,2,3,4,5,6,5,5,4,3,4,0.0
D,688,Castagne,4.5,4.5,Fulham,90,88,84,82,82,81,80,81,79,80,80,80,0.01
M,689,Kudus,6.5,6.5,West Ham,40,45,44,45,46,45,42,46,44,46,43,44,0.0
M,690,Baleba,4.5,4.5,Brighton,55,43,43,44,42,42,41,41,41,41,40,42,0.0
F,691,Beto,5.9,5.9,Everton,36,36,39,40,39,39,39,41,39,39,37,40,0.0
G,692,Benda,4.0,4.0,Fulham,0,0,0,0,0,0,0,0,0,0,0,0,0.0
D,693,Thomas,4.0,4.0,Sheffield Utd,77,74,71,70,68,69,70,70,68,66,68,65,0.0
M,694,Massengo,5.0,5.0,Burnley,0,0,0,0,0,0,0,0,0,0,0,0,0.0
G,695,Altay,4.0,4.0,Man Utd,1,3,3,3,4,4,4,5,5,4,6,5,0.0
D,696,Murillo,4.5,4.5,Nott'm Forest,45,34,31,30,35,34,33,34,33,34,34,32,0.0
D,697,S.Bueno,4.5,4.5,Wolves,0,2,3,4,4,5,4,6,5,6,7,5,0.0
M,698,González,5.0,5.0,Wolves,0,0,0,0,0,0,0,0,0,0,0,0,0.0
D,699,Lenglet,4.5,4.5,Aston Villa,8,14,17,17,19,20,18,18,19,19,18,19,0.0
M,700,Ansu Fati,6.5,6.5,Brighton,49,45,42,36,38,38,39,40,40,40,40,38,0.0
M,701,Ghoddos,4.5,4.5,Brentford,38,39,40,37,30,27,26,19,0,20,20,20,0.0
D,702,Phillips,4.0,4.0,Spurs,0,0,0,0,2,1,2,2,2,2,3,1,0.0
D,703,Evans,4.0,4.0,Man Utd,6,11,14,12,14,17,15,16,16,16,16,9,0.0
F,704,Fraser,4.5,4.5,Wolves,0,0,0,0,0,0,0,0,0,0,0,0,0.0
M,705,Sinisterra,5.5,5.5,Bournemouth,53,52,48,49,47,47,44,45,44,44,45,46,0.0
M,706,M.Trésor,5.5,5.5,Burnley,42,46,42,43,42,43,41,41,42,41,42,40,0.0
D,707,Ballo-Touré,4.5,4.5,Fulham,1,3,3,2,2,2,2,2,2,3,3,2,0.0
M,708,Gravenberch,5.0,5.0,Liverpool,46,25,22,19,21,20,20,22,23,22,24,21,0.0
M,709,Amrabat,5.0,5.0,Man Utd,26,28,29,26,27,27,30,30,31,31,30,28,0.0
G,710,Odysseas,4.5,4.5,Nott'm Forest,32,47,47,46,46,48,46,47,47,49,47,49,0.0
D,711,Omobamidele,4.5,4.5,Nott'm Forest,4,2,2,2,2,2,3,2,3,2,3,3,0.0
M,712,Dominguez,5.0,5.0,Nott'm Forest,64,62,62,62,60,60,61,60,59,59,60,59,0.0
M,713,Sangaré,5.0,5.0,Nott'm Forest,83,82,76,72,71,71,69,67,72,70,70,75,0.0
F,714,Origi,5.0,5.0,Nott'm Forest,0,0,0,4,12,15,20,20,19,20,21,19,0.0
M,715,Bellegarde,5.0,5.0,Wolves,26,40,41,42,41,40,39,40,41,39,41,38,0.0
D,716,Gilchrist,4.0,4.0,Chelsea,0,0,0,0,0,0,0,0,0,0,0,0,0.0
F,717,Stutter,4.5,4.5,Chelsea,0,0,0,0,0,0,0,0,0,0,0,0,0.0
M,718,Matos,4.5,4.5,Chelsea,0,0,0,1,2,1,2,2,1,2,1,1,0.0
M,719,Hunt,4.5,4.5,Everton,0,0,0,0,0,0,0,0,0,0,0,0,0.0
F,720,Ola-Adebomi,4.5,4.5,Crystal Palace,0,0,0,0,0,0,0,0,0,0,0,0,0.0
M,721,Ozoh,4.5,4.5,Crystal Palace,9,8,6,6,5,6,5,5,5,4,4,4,0.0
F,722,Donley,4.5,4.5,Spurs,0,0,0,0,0,0,0,0,0,0,0,0,0.0
D,723,Brooking,4.0,4.0,Chelsea,0,0,0,0,0,0,0,0,0,0,0,0,0.0
M,724,Raymond,4.5,4.5,Crystal Palace,0,0,0,0,0,0,0,0,0,0,0,0,0.0
D,725,Kim Ji-Soo,4.0,4.0,Brentford,0,1,1,2,2,2,2,0,0,1,1,1,0.0
D,726,Chambers,4.0,4.0,Liverpool,0,0,0,0,1,2,2,3,2,1,2,2,0.0
M,727,Townsend,5.0,5.0,Luton,20,30,37,38,39,38,39,38,39,36,37,37,0.0
D,728,Scanlon,4.0,4.0,Liverpool,0,0,1,0,1,2,2,2,3,2,2,2,0.0
M,729,Luker,4.5,4.5,Luton,0,0,0,0,0,0,0,0,0,0,0,0,0.0
M,730,Oné,4.5,4.5,Sheffield Utd,0,0,0,0,0,0,0,0,0,0,0,0,0.0
D,731,Buyabu,4.0,4.0,Sheffield Utd,2,2,3,3,5,5,6,7,8,6,8,2,0.0
D,10019,Nathan Ferguson,99.9,99.9,Crystal Palace,5,7,7,8,9,7,10,12,11,11,12,9,0.0
M,10091,Myles Peart-Harris,99.9,99.9,Brentford,7,11,12,12,8,8,5,3,0,3,3,2,0.0
D,10129,Conor Bradley,99.9,99.9,Liverpool,1,2,2,2,3,4,4,4,4,4,4,4,0.0
F,10130,Michael Olakigbe,99.9,99.9,Brentford,0,1,3,3,2,2,2,1,0,0,1,0,0.0
